-- phpMyAdmin SQL Dump
-- version 4.0.4
-- http://www.phpmyadmin.net
--
-- Servidor: 127.0.0.1
-- Tiempo de generación: 08-10-2014 a las 22:46:57
-- Versión del servidor: 5.5.32
-- Versión de PHP: 5.4.16

SET SQL_MODE = "NO_AUTO_VALUE_ON_ZERO";
SET time_zone = "+00:00";


/*!40101 SET @OLD_CHARACTER_SET_CLIENT=@@CHARACTER_SET_CLIENT */;
/*!40101 SET @OLD_CHARACTER_SET_RESULTS=@@CHARACTER_SET_RESULTS */;
/*!40101 SET @OLD_COLLATION_CONNECTION=@@COLLATION_CONNECTION */;
/*!40101 SET NAMES utf8 */;

--
-- Base de datos: `servitecs`
--
CREATE DATABASE IF NOT EXISTS `servitecs` DEFAULT CHARACTER SET utf8 COLLATE utf8_general_ci;
USE `servitecs`;

-- --------------------------------------------------------

--
-- Estructura de tabla para la tabla `banner`
--

CREATE TABLE IF NOT EXISTS `banner` (
  `banner_id` int(10) unsigned NOT NULL AUTO_INCREMENT,
  `banner_estado` varchar(45) DEFAULT NULL,
  `banner_fecharegistro` datetime DEFAULT NULL,
  `imagen_id` int(10) unsigned NOT NULL,
  `bannertipoimagen_id` int(10) unsigned NOT NULL,
  `banner_titulo` varchar(45) DEFAULT NULL,
  `banner_descripcion` text,
  PRIMARY KEY (`banner_id`),
  KEY `fk_banner_imagen_idx` (`imagen_id`),
  KEY `fk_banner_bannertipoimagen1_idx` (`bannertipoimagen_id`)
) ENGINE=InnoDB DEFAULT CHARSET=utf8 AUTO_INCREMENT=1 ;

-- --------------------------------------------------------

--
-- Estructura de tabla para la tabla `bannertipoimagen`
--

CREATE TABLE IF NOT EXISTS `bannertipoimagen` (
  `bannertipoimagen_id` int(10) unsigned NOT NULL AUTO_INCREMENT,
  `bannertipoimagen_nombre` varchar(45) NOT NULL,
  PRIMARY KEY (`bannertipoimagen_id`)
) ENGINE=InnoDB DEFAULT CHARSET=utf8 AUTO_INCREMENT=1 ;

-- --------------------------------------------------------

--
-- Estructura de tabla para la tabla `categoria`
--

CREATE TABLE IF NOT EXISTS `categoria` (
  `categoria_id` int(10) unsigned NOT NULL AUTO_INCREMENT,
  `categoria_nombre` varchar(45) NOT NULL,
  `categoria_orden` tinyint(1) unsigned DEFAULT NULL,
  PRIMARY KEY (`categoria_id`)
) ENGINE=InnoDB  DEFAULT CHARSET=utf8 AUTO_INCREMENT=7 ;

--
-- Volcado de datos para la tabla `categoria`
--

INSERT INTO `categoria` (`categoria_id`, `categoria_nombre`, `categoria_orden`) VALUES
(1, 'Oficina', 1),
(2, 'Hogar', 5),
(3, 'Médico', 4),
(4, 'Educativa', 3),
(5, 'Sillonería', 2),
(6, 'Otros', 6);

-- --------------------------------------------------------

--
-- Estructura de tabla para la tabla `contacto`
--

CREATE TABLE IF NOT EXISTS `contacto` (
  `contacto_id` int(10) unsigned NOT NULL AUTO_INCREMENT,
  `contacto_email` varchar(45) NOT NULL,
  `contacto_nombres` varchar(45) NOT NULL,
  `contacto_asunto` varchar(45) NOT NULL,
  `contacto_mensaje` varchar(45) NOT NULL,
  `contacto_fecharegistro` datetime NOT NULL,
  `contacto_ip` varchar(45) DEFAULT NULL,
  PRIMARY KEY (`contacto_id`)
) ENGINE=InnoDB DEFAULT CHARSET=utf8 AUTO_INCREMENT=1 ;

-- --------------------------------------------------------

--
-- Estructura de tabla para la tabla `imagen`
--

CREATE TABLE IF NOT EXISTS `imagen` (
  `imagen_id` int(10) unsigned NOT NULL AUTO_INCREMENT,
  `imagen_descripcion` varchar(45) DEFAULT NULL,
  `imagen_ruta` varchar(45) NOT NULL,
  PRIMARY KEY (`imagen_id`)
) ENGINE=InnoDB  DEFAULT CHARSET=utf8 AUTO_INCREMENT=564 ;

--
-- Volcado de datos para la tabla `imagen`
--

INSERT INTO `imagen` (`imagen_id`, `imagen_descripcion`, `imagen_ruta`) VALUES
(1, NULL, 'DSC01667.jpg'),
(2, NULL, 'DSC03212.jpg'),
(3, NULL, 'DSC03215.jpg'),
(4, NULL, 'DSC00201.jpg'),
(5, NULL, 'DSC04569.jpg'),
(6, NULL, 'DSC04574.jpg'),
(7, NULL, 'DSC04579.jpg'),
(8, NULL, 'comoda.jpg'),
(9, NULL, 'DSC00629.jpg'),
(10, NULL, 'DSC02675.jpg'),
(11, NULL, 'DSC02913.jpg'),
(12, NULL, 'DSC03390.jpg'),
(13, NULL, 'DSC03668.jpg'),
(14, NULL, 'DSC03677.jpg'),
(15, NULL, 'DSC03680.jpg'),
(16, NULL, 'DSC05244.jpg'),
(17, NULL, 'DSC05821.jpg'),
(18, NULL, 'DSC06466.jpg'),
(19, NULL, '1.jpg'),
(20, NULL, '2.jpg'),
(21, NULL, '3.jpg'),
(22, NULL, 'DSC00966.jpg'),
(23, NULL, 'DSC03277.jpg'),
(24, NULL, 'DSC03333.jpg'),
(25, NULL, 'DSC03341.jpg'),
(26, NULL, 'DSC03347.jpg'),
(27, NULL, 'DSC05806.jpg'),
(28, NULL, '08.jpg'),
(29, NULL, '10.jpg'),
(30, NULL, 'DSC00444.jpg'),
(31, NULL, 'DSC00453.jpg'),
(32, NULL, 'DSC00457.jpg'),
(33, NULL, 'DSC00475.jpg'),
(34, NULL, 'DSC01699.jpg'),
(35, NULL, 'DSC02167.jpg'),
(36, NULL, 'DSC02844.jpg'),
(37, 'Archivador', 'DSC00469.jpg'),
(38, 'Archivador', 'DSC01704.jpg'),
(39, 'Armario', 'ARMARIO1C.A.jpg'),
(40, 'Armario', 'ARMARIO2C.B.jpg'),
(41, 'Armario', 'ARMARIO2C.C.jpg'),
(42, 'Armario', 'ARMARIO4D.jpg'),
(43, 'Armario', 'DSC00465.jpg'),
(44, '', 'CREDENZA.jpg'),
(45, NULL, '1A.jpg'),
(46, NULL, 'DSC00471.jpg'),
(47, NULL, 'DSC01222.jpg'),
(48, NULL, 'DSC01227.jpg'),
(49, NULL, 'DSC02633.jpg'),
(50, NULL, 'ESCRITORIO2C.1.jpg'),
(51, NULL, 'ESCRITORIO3C.1.jpg'),
(52, NULL, 'EscritorioDanes1.20.jpg'),
(53, NULL, 'MOD.3B.jpg'),
(54, NULL, 'MOD.DANES.3C.A.jpg'),
(55, NULL, 'MOD.DANES6C.jpg'),
(56, NULL, 'MOD.PANORAMICO.1B.jpg'),
(57, NULL, 'DSC05060.jpg'),
(58, NULL, 'ESTANTE.1C.B.jpg'),
(59, NULL, 'Estante.80.cms.jpg'),
(60, NULL, 'Estante_4div_puertas_inferior.jpg'),
(61, NULL, 'ESTANTE1C.A.jpg'),
(62, NULL, 'DSC00170.jpg'),
(63, NULL, 'DSC01713.jpg'),
(64, NULL, 'DSC01752.jpg'),
(65, NULL, 'DSC02447.jpg'),
(66, NULL, 'DSC02632.jpg'),
(67, NULL, 'ESCRITORIO M4A.jpg'),
(68, NULL, 'MOD. COMPUTO 1A.jpg'),
(69, NULL, 'PODIO1A.jpg'),
(70, NULL, 'PODIO1B.jpg'),
(71, NULL, 'Archivador4.jpg'),
(72, NULL, 'DSC00554.jpg'),
(73, NULL, 'DSC00847.jpg'),
(74, NULL, 'DSC02535.jpg'),
(75, NULL, 'DSC05720.jpg'),
(76, NULL, 'DSC06420.jpg'),
(77, NULL, 'DSC00730.jpg'),
(78, NULL, 'DSC00737.jpg'),
(79, NULL, 'DSC00738.jpg'),
(80, NULL, 'DSC00740.jpg'),
(81, NULL, 'DSC00746.jpg'),
(82, NULL, 'DSC01113.jpg'),
(83, NULL, 'DSC01119.jpg'),
(84, NULL, 'DSC02323.jpg'),
(85, NULL, 'DSC02327.jpg'),
(86, NULL, 'DSC02642.jpg'),
(87, NULL, 'DSC02647.jpg'),
(88, NULL, 'DSC02779.jpg'),
(89, NULL, 'DSC02789.jpg'),
(90, NULL, 'DSC02907.jpg'),
(91, NULL, 'DSC02909.jpg'),
(92, NULL, 'DSC03370.jpg'),
(93, NULL, 'DSC03414.jpg'),
(94, NULL, 'DSC03418.jpg'),
(95, NULL, 'DSC03491.jpg'),
(96, NULL, 'DSC03496.jpg'),
(97, NULL, 'DSC03815.jpg'),
(98, NULL, 'DSC03825.jpg'),
(99, NULL, 'DSC05078.jpg'),
(100, NULL, 'DSC05082.jpg'),
(101, NULL, 'DSC05766.jpg'),
(102, NULL, 'DSC05768.jpg'),
(103, NULL, 'DSC06009.jpg'),
(104, NULL, 'DSC06033.jpg'),
(105, NULL, 'DSC06178.jpg'),
(106, NULL, 'DSC06319.jpg'),
(107, NULL, 'DSC06421.jpg'),
(108, NULL, 'DSC06424.jpg'),
(109, NULL, 'DSC06427.jpg'),
(110, NULL, 'DSC06432.jpg'),
(111, NULL, 'DSC06454.jpg'),
(112, NULL, 'DSC06461.jpg'),
(113, NULL, 'DSC06494.jpg'),
(114, NULL, 'DSC06498.jpg'),
(115, NULL, 'DSC06608.jpg'),
(116, NULL, 'DSC06611.jpg'),
(117, NULL, 'DSC06620.jpg'),
(118, NULL, 'DSC06627.jpg'),
(119, NULL, 'DSC00553.jpg'),
(120, NULL, 'DSC00712.jpg'),
(121, NULL, 'DSC00714.jpg'),
(122, NULL, 'DSC00544.jpg'),
(123, NULL, 'DSC00545.jpg'),
(124, NULL, 'DSC01829.jpg'),
(125, NULL, 'DSC01839.jpg'),
(126, NULL, 'DSC01852.jpg'),
(127, NULL, 'DSC02158.jpg'),
(128, NULL, 'DSC03615.jpg'),
(129, NULL, 'DSC03616.jpg'),
(130, NULL, 'DSC05648.jpg'),
(131, NULL, 'DSC05650.jpg'),
(132, NULL, 'DSC05996.jpg'),
(133, NULL, 'DSC06003.jpg'),
(134, NULL, 'DSC06019.jpg'),
(135, NULL, 'DSC06020.jpg'),
(136, NULL, 'DSC06022.jpg'),
(137, NULL, 'DSC06047.jpg'),
(138, NULL, 'DSC06056.jpg'),
(139, NULL, 'mod_exhibicion.jpg'),
(140, NULL, 'mod_zocalo_alum.jpg'),
(141, NULL, 'cred_2_cuerpos.jpg'),
(142, NULL, 'credenza.jpg'),
(143, NULL, 'credenza_2puertas_cajones.jpg'),
(144, NULL, 'credenza2.jpg'),
(145, NULL, 'DSC01295.jpg'),
(146, NULL, 'DSC01305.jpg'),
(147, NULL, 'DSC01331.jpg'),
(148, NULL, 'DSC01332.jpg'),
(149, NULL, 'DSC02294.jpg'),
(150, NULL, 'DSC02295.jpg'),
(151, NULL, 'DSC02827.jpg'),
(152, NULL, 'DSC02828.jpg'),
(153, NULL, 'DSC02871.jpg'),
(154, NULL, 'DSC02876.jpg'),
(155, NULL, 'DSC03378.jpg'),
(156, NULL, 'DSC03384.jpg'),
(157, NULL, 'DSC03431.jpg'),
(158, NULL, 'DSC03440.jpg'),
(159, NULL, 'DSC03763.jpg'),
(160, NULL, 'DSC05033.jpg'),
(161, NULL, 'DSC05037.jpg'),
(162, NULL, 'DSC06107.jpg'),
(163, NULL, 'DSC06109.jpg'),
(164, NULL, '1.jpg'),
(165, NULL, '2.jpg'),
(166, NULL, '3.jpg'),
(167, NULL, '4.jpg'),
(168, NULL, '5.jpg'),
(169, NULL, '6.jpg'),
(170, NULL, '7.jpg'),
(172, NULL, '9.jpg'),
(173, NULL, '10.jpg'),
(174, NULL, '11.jpg'),
(175, NULL, '12.jpg'),
(179, NULL, '16.jpg'),
(180, NULL, '17.jpg'),
(181, NULL, '18.jpg'),
(183, NULL, '20.jpg'),
(184, NULL, '21.jpg'),
(185, NULL, '22.jpg'),
(186, NULL, '23.jpg'),
(187, NULL, '24.jpg'),
(188, NULL, '1.jpg'),
(189, NULL, '2.jpg'),
(190, NULL, '3.jpg'),
(191, NULL, '4.jpg'),
(192, NULL, '5.jpg'),
(193, NULL, '6.jpg'),
(194, NULL, '7.jpg'),
(195, NULL, '8.jpg'),
(196, NULL, '9.jpg'),
(197, NULL, 'DSC00153.jpg'),
(198, NULL, 'DSC00343.jpg'),
(199, NULL, 'DSC00428.jpg'),
(200, NULL, 'DSC01553.jpg'),
(201, NULL, 'DSC01618.jpg'),
(202, NULL, 'DSC01703.jpg'),
(203, NULL, 'DSC01704.jpg'),
(204, NULL, 'DSC01723.jpg'),
(205, NULL, 'DSC02316.jpg'),
(206, NULL, 'DSC02379.jpg'),
(207, NULL, 'DSC02578.jpg'),
(208, NULL, 'DSC02583.jpg'),
(209, NULL, 'DSC02827.jpg'),
(210, NULL, 'DSC02904.jpg'),
(211, NULL, 'DSC02952.jpg'),
(212, NULL, 'DSC03108.jpg'),
(213, NULL, 'DSC03375.jpg'),
(214, NULL, 'DSC03378.jpg'),
(215, NULL, 'DSC03427.jpg'),
(216, NULL, 'DSC03442.jpg'),
(217, NULL, 'DSC03704.jpg'),
(218, NULL, 'DSC03709.jpg'),
(219, NULL, 'DSC03711.jpg'),
(220, NULL, 'DSC05673.jpg'),
(221, NULL, 'DSC05948.jpg'),
(222, NULL, 'DSC06328.jpg'),
(223, NULL, 'DSC06412.jpg'),
(224, NULL, 'DSC06578.jpg'),
(225, NULL, 'mueble_hospital_privado.jpg'),
(226, NULL, 'porta_loncheras.jpg'),
(254, NULL, '1.jpg'),
(255, NULL, '2.jpg'),
(256, NULL, '3.jpg'),
(257, NULL, '4.jpg'),
(258, NULL, '5.jpg'),
(259, NULL, 'DSC00214.jpg'),
(260, NULL, 'DSC00397.jpg'),
(261, NULL, 'DSC00418.jpg'),
(262, NULL, 'DSC00690.jpg'),
(263, NULL, 'DSC01126.jpg'),
(264, NULL, 'DSC01558.jpg'),
(265, NULL, 'DSC01692.jpg'),
(266, NULL, 'DSC02117.jpg'),
(267, NULL, 'DSC02224.jpg'),
(268, NULL, 'DSC02231.jpg'),
(269, NULL, 'DSC02255.jpg'),
(270, NULL, 'DSC02621.jpg'),
(271, NULL, 'DSC03456.jpg'),
(272, NULL, 'DSC03487.jpg'),
(273, NULL, 'DSC04584.jpg'),
(274, NULL, 'DSC05040.jpg'),
(275, NULL, 'DSC05088.jpg'),
(276, NULL, 'DSC05098.jpg'),
(277, NULL, 'DSC05103.jpg'),
(278, NULL, 'DSC05341.jpg'),
(279, NULL, 'DSC05640.jpg'),
(280, NULL, 'DSC05956.jpg'),
(281, NULL, 'DSC05959.jpg'),
(282, NULL, 'DSC06042.jpg'),
(283, NULL, 'DSC06057.jpg'),
(284, NULL, 'DSC06112.jpg'),
(285, NULL, 'DSC06475.jpg'),
(286, NULL, 'DSC06596.jpg'),
(287, NULL, 'DSC06606.jpg'),
(288, NULL, '4.jpg'),
(289, NULL, 'DSC00168.jpg'),
(290, NULL, 'DSC00788.jpg'),
(291, NULL, 'DSC01542.jpg'),
(292, NULL, 'DSC02256.jpg'),
(293, NULL, 'DSC00441.jpg'),
(294, NULL, 'DSC00649.jpg'),
(295, NULL, 'DSC00952.jpg'),
(296, NULL, 'DSC01112.jpg'),
(297, NULL, 'DSC01211.jpg'),
(298, NULL, 'DSC01708.jpg'),
(299, NULL, 'DSC01719.jpg'),
(300, NULL, 'DSC01750.jpg'),
(301, NULL, 'DSC02267.jpg'),
(302, NULL, 'DSC02438.jpg'),
(303, NULL, 'DSC02615.jpg'),
(304, NULL, 'DSC02968.jpg'),
(305, NULL, 'DSC04011.jpg'),
(306, NULL, 'DSC04020.jpg'),
(307, NULL, 'DSC04161.jpg'),
(308, NULL, 'DSC06623.jpg'),
(309, NULL, 'DSC06941.jpg'),
(310, NULL, 'IMG_20130601_171239_532.jpg'),
(311, NULL, 'Imagen008.jpg'),
(312, NULL, 'archivador_4gavetas.jpg'),
(313, NULL, 'credenza_metal.jpg'),
(314, NULL, 'eascritoriometalico.jpg'),
(315, NULL, 'locker_1cuerpo.jpg.jpg'),
(316, NULL, 'locker_2cuerposA.jpg'),
(317, NULL, 'locker_2cuerposB.jpg.jpg'),
(318, NULL, 'locker_3cuerpos.jpg.jpg'),
(319, NULL, 'separador_ambiente.jpg'),
(320, NULL, 'PIZARRA_1B.jpg'),
(321, NULL, 'PIZARRA_1D.jpg'),
(322, NULL, 'TALL.1D.jpg'),
(323, NULL, 'AMSTRONG_10.jpg'),
(324, NULL, 'AMSTRONG_2.jpg'),
(325, NULL, 'GIA_5.jpg'),
(326, NULL, 'PIA_2.jpg'),
(327, NULL, 'STANDAR15.jpg'),
(328, NULL, 'STANDAR2.jpg'),
(329, NULL, 'STANDAR3.jpg'),
(330, NULL, 'STANDAR5.jpg'),
(331, NULL, 'STANDAR9.jpg'),
(332, NULL, 'DSC04077.jpg'),
(333, NULL, 'ME2.jpg'),
(334, NULL, 'ME4.jpg'),
(335, NULL, 'ME6.jpg'),
(336, NULL, 'MEP6.jpg'),
(337, NULL, 'MI2B.jpg'),
(338, NULL, 'SIP2.jpg'),
(339, NULL, '1.jpg'),
(340, NULL, '2.jpg'),
(341, NULL, '3.jpg'),
(342, NULL, '4.jpg'),
(343, NULL, '5.jpg'),
(344, NULL, '6_Mod_Simple.jpg'),
(345, NULL, '8_Mod_Orejon.jpg'),
(346, NULL, 'DSC03624.jpg'),
(347, NULL, 'DSC04595.jpg'),
(348, NULL, 'MOD.COMPUTO 1A.jpg'),
(349, NULL, 'MOD.COMPUTO 2.jpg'),
(350, NULL, 'Mod.Compu1.jpg'),
(351, NULL, 'Mod.Fine2.jpg'),
(352, NULL, 'Mod.FineA1.jpg'),
(353, NULL, 'Mod.FineB1.jpg'),
(354, NULL, 'Mod.Jirafa1.jpg'),
(355, NULL, 'mod_escritorio.jpg'),
(356, NULL, 'DSC00079.jpg'),
(357, NULL, 'DSC00083.jpg'),
(358, NULL, 'DSC01515.jpg'),
(359, NULL, 'mesa_impresora1.jpg'),
(360, NULL, 'mesa_impresora2.jpg'),
(361, NULL, 'mesa_impresora3.jpg'),
(362, NULL, 'mesa_impresora4.jpg'),
(363, NULL, 'mesa_impresora5.jpg'),
(364, NULL, 'mesa_impresora6.jpg'),
(365, NULL, 'mesa_pequena1.jpg'),
(366, NULL, 'mesa_pequena2.jpg'),
(367, NULL, 'mesa_pequena3.jpg'),
(368, NULL, 'mesa_pequena4.jpg'),
(369, NULL, 'mesa_redonda1.jpg'),
(370, NULL, 'mesa_redonda2.jpg'),
(371, NULL, 'mesa_redonda3.jpg'),
(372, NULL, 'mesa_trabajo1.jpg'),
(373, NULL, 'mesa_trabajo2.jpg'),
(374, NULL, 'mesa_trabajo3.jpg'),
(375, NULL, 'mesa_trabajo4.jpg'),
(376, NULL, 'mesa_trabajo5.jpg'),
(377, NULL, 'mesa_trabajo6.jpg'),
(378, NULL, 'mesa_trabajo8.jpg'),
(379, NULL, '1.jpg'),
(380, NULL, '2.jpg'),
(381, NULL, '3.jpg'),
(382, NULL, '4.jpg'),
(383, NULL, '5.jpg'),
(384, NULL, '6.jpg'),
(385, NULL, 'DSC01280.jpg'),
(386, NULL, 'DSC02155.jpg'),
(387, NULL, 'DSC02186.jpg'),
(388, NULL, 'DSC02206.jpg'),
(389, NULL, 'DSC02818.jpg'),
(390, NULL, 'DSC02911.jpg'),
(391, NULL, 'DSC02941.jpg'),
(392, NULL, 'DSC03021.jpg'),
(393, NULL, 'DSC03254.jpg'),
(394, NULL, 'DSC04037.jpg'),
(395, NULL, 'DSC04998.jpg'),
(396, NULL, 'DSC05314.jpg'),
(397, NULL, 'DSC06036.jpg'),
(398, NULL, 'DSC06083.jpg'),
(399, NULL, 'DSC06161.jpg'),
(400, NULL, 'DSC06168.jpg'),
(401, NULL, 'DSC06310.jpg'),
(402, NULL, 'DSC06500.jpg'),
(403, NULL, 'BANCA_3C_COLORES.A.jpg'),
(404, NULL, 'BANCA_3C_MONTY_CUERO_V1.jpg'),
(405, NULL, 'BANCA_3C_MONTY_MUNDIAL.jpg'),
(406, NULL, 'BANCA_3C_MONTY_NEGRA.A.jpg'),
(407, NULL, 'BANCA_3C_PANORAMA_GRIS.jpg'),
(408, NULL, 'BANCA_3C_RP_RO2.jpg'),
(409, NULL, 'BANCA_3C_SECRETARIAL.jpg'),
(410, NULL, 'BANCA_3C_SECT.B.jpg'),
(411, NULL, 'BANCA_3C_VC.E.jpg'),
(412, NULL, 'BANCA_4C_MONTY.jpg'),
(413, NULL, 'BANCA_4C_VC_GRIS.jpg'),
(414, NULL, 'BANCA_5C_VC.jpg'),
(415, NULL, 'DSC06292.jpg'),
(416, NULL, 'BANCO_2N3.jpg'),
(417, NULL, 'BANCO_ARO.jpg'),
(418, NULL, 'BANCO_N2.jpg'),
(419, NULL, 'CARPT_M1_ROJA1.jpg'),
(420, NULL, 'CARPT_M2_VINO1.jpg'),
(421, NULL, 'CARPT_M2_VINO3.jpg'),
(422, NULL, 'CARPT_M3_AZUL1.jpg'),
(423, NULL, 'CARPT_M3_AZUL3.jpg'),
(424, NULL, 'CARPT_M4_VINO1.jpg'),
(425, NULL, 'MODULAR_M1_NEG1.jpg'),
(426, NULL, 'sillon_fijo_1.jpg'),
(427, NULL, 'sillon_fijo_2.jpg'),
(428, NULL, '1.jpg'),
(429, NULL, '2.jpg'),
(430, NULL, '3.jpg'),
(431, NULL, 'CAPITAL.jpg'),
(432, NULL, 'DSC00240.jpg'),
(433, NULL, 'DSC00452.jpg'),
(434, NULL, 'DSC00782.jpg'),
(435, NULL, 'DSC02257.jpg'),
(436, NULL, 'DSC02275.jpg'),
(437, NULL, 'DSC04120.jpg'),
(438, NULL, 'DSC04139.jpg'),
(439, NULL, 'DSC05041.jpg'),
(440, NULL, 'DSC05160.jpg'),
(441, NULL, 'DSC05171.jpg'),
(442, NULL, 'DSC05742.jpg'),
(443, NULL, 'DSC06436.jpg'),
(444, NULL, 'FLORENTINE.jpg'),
(445, NULL, 'HILTON_ALTO.jpg'),
(446, NULL, 'Imagen_005.jpg'),
(447, NULL, 'Imagen_049.jpg'),
(448, NULL, 'PRESIDENT.jpg'),
(449, NULL, 'SILLON_DM_142.jpg'),
(450, NULL, 'SILLON_MONTY_ALTO.jpg'),
(451, NULL, 'SILLON_SOLO_ALTO.jpg'),
(452, NULL, 'SillaApolo.jpg'),
(453, NULL, 'Sillon_Mod.monty.jpg'),
(454, NULL, 'VALENTINO.jpg'),
(455, NULL, 'miller-bajo.jpg'),
(456, NULL, 'sillon_Classic_T_cuero__b.neum.jpg'),
(457, NULL, 'sillon_hilton_Tt_b.neum.jpg'),
(458, NULL, 'sillon_mercury.jpg'),
(459, NULL, 'sillon_miller_b.mec.jpg'),
(460, NULL, 'SILLA_PELUQ1.jpg'),
(461, NULL, 'pag_i1.jpg'),
(462, NULL, 'pag_i2.jpg'),
(463, NULL, 'pag_i3.jpg'),
(464, NULL, 'pag_i4.jpg'),
(465, NULL, 'DSC00099.jpg'),
(466, NULL, 'DSC00411.jpg'),
(467, NULL, 'DSC00417.jpg'),
(468, NULL, 'DSC00505.jpg'),
(469, NULL, 'DSC00564.jpg'),
(470, NULL, 'DSC01214.jpg'),
(471, NULL, 'DSC01232.jpg'),
(472, NULL, 'DSC01692.jpg'),
(473, NULL, 'DSC02970.jpg'),
(474, NULL, 'DSC04635.jpg'),
(475, NULL, 'Silla_Panorama_I_cromada.jpg'),
(476, NULL, 'Silla_Prisma_negra_estr_alum.jpg'),
(477, NULL, 'Silla_RY_prisma_negra.jpg'),
(478, NULL, 'Silla_S1.VC.jpg'),
(479, NULL, 'silla_Mod_party_cromada.jpg'),
(480, NULL, 'silla_panorama_I_azul.jpg'),
(481, NULL, 'silla_fijas_mad_melam1.jpg'),
(482, NULL, 'silla_fijas_mad_melam2.jpg'),
(483, NULL, 'silla_fijas_mad_melam3.jpg'),
(484, NULL, 'silla_fijas_mad_melam4.jpg'),
(485, NULL, 'silla_fijas_mad_melam5.jpg'),
(486, NULL, 'silla_fijas_mad_melam6.jpg'),
(487, NULL, 'CONFIDENT_negra_y_roja.jpg'),
(488, NULL, 'DERBY.jpg'),
(489, NULL, 'DSC01414.jpg'),
(490, NULL, 'DSC02062.jpg'),
(491, NULL, 'DSC02281.jpg'),
(492, NULL, 'DSC03781.jpg'),
(493, NULL, 'DSC04054.jpg'),
(494, NULL, 'DSC04148.jpg'),
(495, NULL, 'DSC05666.jpg'),
(496, NULL, 'DSC05789.jpg'),
(497, NULL, 'DSC05794.jpg'),
(498, NULL, 'DSC06145.jpg'),
(499, NULL, 'DSC06217.jpg'),
(500, NULL, 'DSC06278.jpg'),
(501, NULL, 'SF_BINGO_AZ2.jpg'),
(502, NULL, 'SF_CAPRI_NEG1.jpg'),
(503, NULL, 'SF_FURSY.jpg'),
(504, NULL, 'SF_LUA1.jpg'),
(505, NULL, 'SF_MATRIX.jpg'),
(506, NULL, 'SF_MATRIX_PLEGA.jpg'),
(507, NULL, 'SF_MONACO_NEG1.jpg'),
(508, NULL, 'SF_MONACO_TT1_RECT.jpg'),
(509, NULL, 'SF_TRINEO.jpg'),
(510, NULL, 'SF_VARIETY.jpg'),
(511, NULL, 'SF_ZY.jpg'),
(512, NULL, 'DSC00427.jpg'),
(513, NULL, 'DSC00913.jpg'),
(514, NULL, 'DSC00922.jpg'),
(515, NULL, 'DSC02918.jpg'),
(516, NULL, 'DSC03765.jpg'),
(517, NULL, 'DSC03801.jpg'),
(518, NULL, 'DSC04029.jpg'),
(519, NULL, 'DSC05681.jpg'),
(520, NULL, 'SILLA_CHESCA_TB_TELA.jpg'),
(521, NULL, 'SILLA_CHESCA_TCROM_TELA1.jpg'),
(522, NULL, 'SILLA_CRISTINA_AZUL1.jpg'),
(523, NULL, 'SILLA_CRISTINA_MUNDIAL.jpg'),
(524, NULL, 'SILLA_CRISTINA_TELA_NEG.jpg'),
(525, NULL, 'SILLA_S1.jpg'),
(526, NULL, 'SILLA_ULA.jpg'),
(527, NULL, 'SILLA_VISITA_KOROF.jpg'),
(528, NULL, 'SILLA_VISITA_NEGR3.jpg'),
(529, NULL, 'AKN_4022.jpg'),
(530, NULL, 'DSC01626.jpg'),
(531, NULL, 'DSC01716.jpg'),
(532, NULL, 'DSC02294.jpg'),
(533, NULL, 'DSC03483.jpg'),
(534, NULL, 'DSC05006.jpg'),
(535, NULL, 'DSC05729.jpg'),
(536, NULL, 'DSC06301.jpg'),
(537, NULL, 'DUNA_II.jpg'),
(538, NULL, 'FLORENTINE.jpg'),
(539, NULL, 'ISSY_verde.jpg'),
(540, NULL, 'M1_AZ1.jpg'),
(541, NULL, 'M2_COMB1.jpg'),
(542, NULL, 'M3_RO3.jpg'),
(543, NULL, 'MCJR_COMB2.jpg'),
(544, NULL, 'MI_NEG1.jpg'),
(545, NULL, 'MRA_NYL_AZ2.jpg'),
(546, NULL, 'MRBCR_CRO_AZ5.jpg'),
(547, NULL, 'image002.jpg'),
(548, NULL, 'DSC00069.jpg'),
(549, NULL, 'DSC00074.jpg'),
(550, NULL, 'DSC00090.jpg'),
(551, NULL, 'DSC00704.jpg'),
(552, NULL, 'DSC01543.jpg'),
(553, NULL, 'DSC01878.jpg'),
(554, NULL, 'DSC05067.jpg'),
(555, NULL, 'DSC05679.jpg'),
(556, NULL, 'DSC05707.jpg'),
(557, NULL, 'DSC05714.jpg'),
(558, NULL, 'DSC06480.jpg'),
(559, NULL, 'GAMMA_I.jpg'),
(560, NULL, 'GAMMA_II_CAJERA.jpg'),
(561, NULL, 'SILLA_SECRETARIA.jpg'),
(562, NULL, 'Silla_Mod._Secretaria.jpg'),
(563, NULL, 'silla_cajerta.jpg');

-- --------------------------------------------------------

--
-- Estructura de tabla para la tabla `producto`
--

CREATE TABLE IF NOT EXISTS `producto` (
  `producto_id` int(10) unsigned NOT NULL AUTO_INCREMENT,
  `producto_nombre` varchar(45) NOT NULL,
  `producto_fecharegistro` datetime DEFAULT NULL,
  `subcategoria_id` int(10) unsigned NOT NULL,
  `imagen_id` int(10) unsigned NOT NULL,
  PRIMARY KEY (`producto_id`),
  KEY `fk_producto_subcategoria1_idx` (`subcategoria_id`),
  KEY `fk_producto_imagen1_idx` (`imagen_id`)
) ENGINE=InnoDB  DEFAULT CHARSET=utf8 AUTO_INCREMENT=544 ;

--
-- Volcado de datos para la tabla `producto`
--

INSERT INTO `producto` (`producto_id`, `producto_nombre`, `producto_fecharegistro`, `subcategoria_id`, `imagen_id`) VALUES
(1, 'Centro de Entretenimiento', '0000-00-00 00:00:00', 6, 1),
(2, 'Mesita de Bar', '0000-00-00 00:00:00', 6, 2),
(3, 'Mesita de Bar', '0000-00-00 00:00:00', 6, 3),
(4, 'Cómoda', '0000-00-00 00:00:00', 7, 4),
(5, 'Cómoda', '0000-00-00 00:00:00', 7, 5),
(6, 'Cómoda', '0000-00-00 00:00:00', 7, 6),
(7, 'Cómoda', '0000-00-00 00:00:00', 7, 7),
(8, 'Cómoda', '0000-00-00 00:00:00', 7, 8),
(9, 'Planchador', '0000-00-00 00:00:00', 8, 9),
(10, 'Planchador', '0000-00-00 00:00:00', 8, 10),
(11, 'Repostero', '0000-00-00 00:00:00', 9, 11),
(12, 'Repostero', '0000-00-00 00:00:00', 9, 12),
(13, 'Repostero', '0000-00-00 00:00:00', 9, 13),
(14, 'Repostero', '0000-00-00 00:00:00', 9, 14),
(15, 'Repostero', '0000-00-00 00:00:00', 9, 15),
(16, 'Repostero', '0000-00-00 00:00:00', 9, 16),
(17, 'Repostero', '0000-00-00 00:00:00', 9, 17),
(18, 'Repostero', '0000-00-00 00:00:00', 9, 18),
(19, 'Ropero', '0000-00-00 00:00:00', 10, 19),
(20, 'Ropero', '0000-00-00 00:00:00', 10, 20),
(21, 'Ropero', '0000-00-00 00:00:00', 10, 21),
(22, 'Ropero', '0000-00-00 00:00:00', 10, 22),
(23, 'Ropero', '0000-00-00 00:00:00', 10, 23),
(24, 'Ropero', '0000-00-00 00:00:00', 10, 24),
(25, 'Ropero', '0000-00-00 00:00:00', 10, 25),
(26, 'Ropero', '0000-00-00 00:00:00', 10, 26),
(27, 'Ropero', '0000-00-00 00:00:00', 10, 27),
(28, 'Cama Hospitalaria', '0000-00-00 00:00:00', 56, 28),
(29, 'Mesa instrumental', '0000-00-00 00:00:00', 57, 29),
(30, 'Vitrina Médica', '0000-00-00 00:00:00', 58, 30),
(31, 'Cama Hospitalaria', '0000-00-00 00:00:00', 56, 31),
(32, 'Escalera', '0000-00-00 00:00:00', 11, 32),
(33, 'Archivador', '0000-00-00 00:00:00', 11, 33),
(34, 'Divisor Médico', '0000-00-00 00:00:00', 11, 34),
(35, '', '0000-00-00 00:00:00', 11, 35),
(36, 'Vitrina', '0000-00-00 00:00:00', 58, 36),
(37, 'Archivador', '0000-00-00 00:00:00', 17, 37),
(38, 'Archivador', '0000-00-00 00:00:00', 17, 38),
(39, 'Armario', '0000-00-00 00:00:00', 18, 39),
(40, 'Armario', '0000-00-00 00:00:00', 18, 40),
(41, 'Armario', '0000-00-00 00:00:00', 18, 41),
(42, 'Armario', '0000-00-00 00:00:00', 18, 42),
(43, 'Armario', '0000-00-00 00:00:00', 18, 43),
(45, 'Credenza', '0000-00-00 00:00:00', 19, 44),
(46, 'Esritorio', '0000-00-00 00:00:00', 20, 45),
(47, 'Escritorio', '0000-00-00 00:00:00', 20, 46),
(48, 'Escritorio', '0000-00-00 00:00:00', 20, 47),
(49, 'Escritorio', '0000-00-00 00:00:00', 20, 48),
(50, 'Escritorio', '0000-00-00 00:00:00', 20, 49),
(51, 'Escritorio', '0000-00-00 00:00:00', 20, 50),
(52, 'Escritorio', '0000-00-00 00:00:00', 20, 51),
(53, 'Escritorio', '0000-00-00 00:00:00', 20, 52),
(54, 'Escritorio', '0000-00-00 00:00:00', 20, 53),
(55, 'Escritorio', '0000-00-00 00:00:00', 20, 54),
(56, 'Escritorio', '0000-00-00 00:00:00', 20, 55),
(57, 'Escritorio', '0000-00-00 00:00:00', 20, 56),
(58, 'Estante', '0000-00-00 00:00:00', 21, 57),
(61, 'Estante', NULL, 21, 58),
(62, 'Estante', NULL, 21, 59),
(63, 'Estante', NULL, 21, 60),
(64, 'Estante', NULL, 21, 61),
(65, 'Módulo', NULL, 22, 62),
(66, 'Módulo', NULL, 22, 63),
(67, 'Módulo', NULL, 22, 64),
(68, 'Módulo', NULL, 22, 65),
(69, 'Módulo', NULL, 22, 66),
(70, 'Módulo', NULL, 22, 67),
(71, 'Módulo', NULL, 22, 68),
(73, 'Podio', NULL, 23, 69),
(74, 'Podio', NULL, 23, 70),
(75, 'Archivadores', NULL, 24, 71),
(76, 'Archivadores', NULL, 24, 72),
(77, 'Archivadores', NULL, 24, 73),
(78, 'Archivadores', NULL, 24, 74),
(79, 'Archivadores', NULL, 24, 75),
(80, 'Archivadores', NULL, 24, 76),
(81, 'Armario', NULL, 25, 77),
(82, 'Armario', NULL, 25, 78),
(83, 'Armario', NULL, 25, 79),
(84, 'Armario', NULL, 25, 80),
(85, 'Armario', NULL, 25, 81),
(86, 'Armario', NULL, 25, 82),
(87, 'Armario', NULL, 25, 83),
(88, 'Armario', NULL, 25, 84),
(89, 'Armario', NULL, 25, 85),
(90, 'Armario', NULL, 25, 86),
(91, 'Armario', NULL, 25, 87),
(92, 'Armario', NULL, 25, 88),
(93, 'Armario', NULL, 25, 89),
(94, 'Armario', NULL, 25, 90),
(95, 'Armario', NULL, 25, 91),
(96, 'Armario', NULL, 25, 92),
(97, 'Armario', NULL, 25, 93),
(98, 'Armario', NULL, 25, 94),
(99, 'Armario', NULL, 25, 95),
(100, 'Armario', NULL, 25, 96),
(101, 'Armario', NULL, 25, 97),
(102, 'Armario', NULL, 25, 98),
(103, 'Armario', NULL, 25, 99),
(104, 'Armario', NULL, 25, 100),
(105, 'Armario', NULL, 25, 101),
(106, 'Armario', NULL, 25, 102),
(107, 'Armario', NULL, 25, 103),
(108, 'Armario', NULL, 25, 104),
(109, 'Armario', NULL, 25, 105),
(110, 'Armario', NULL, 25, 106),
(111, 'Armario', NULL, 25, 107),
(112, 'Armario', NULL, 25, 108),
(113, 'Armario', NULL, 25, 109),
(114, 'Armario', NULL, 25, 110),
(115, 'Armario', NULL, 25, 111),
(116, 'Armario', NULL, 25, 112),
(117, 'Armario', NULL, 25, 113),
(118, 'Armario', NULL, 25, 114),
(119, 'Armario', NULL, 25, 115),
(120, 'Armario', NULL, 25, 116),
(121, 'Armario', NULL, 25, 117),
(122, 'Armario', NULL, 25, 118),
(123, 'Cajonera', NULL, 26, 119),
(124, 'Cajonera', NULL, 26, 120),
(125, 'Cajonera', NULL, 26, 121),
(126, 'Counter', NULL, 27, 122),
(127, 'Counter', NULL, 27, 123),
(128, 'Counter', NULL, 27, 124),
(129, 'Counter', NULL, 27, 125),
(130, 'Counter', NULL, 27, 126),
(131, 'Counter', NULL, 27, 127),
(132, 'Counter', NULL, 27, 128),
(133, 'Counter', NULL, 27, 129),
(134, 'Counter', NULL, 27, 130),
(135, 'Counter', NULL, 27, 131),
(136, 'Counter', NULL, 27, 132),
(137, 'Counter', NULL, 27, 133),
(138, 'Counter', NULL, 27, 134),
(139, 'Counter', NULL, 27, 135),
(140, 'Counter', NULL, 27, 136),
(141, 'Counter', NULL, 27, 137),
(142, 'Counter', NULL, 27, 138),
(143, 'Counter', NULL, 27, 139),
(144, 'Counter', NULL, 27, 140),
(145, 'Credenzas', NULL, 28, 141),
(146, 'Credenzas', NULL, 28, 142),
(147, 'Credenzas', NULL, 28, 143),
(148, 'Credenzas', NULL, 28, 144),
(149, 'Credenzas', NULL, 28, 145),
(150, 'Credenzas', NULL, 28, 146),
(151, 'Credenzas', NULL, 28, 147),
(152, 'Credenzas', NULL, 28, 148),
(153, 'Credenzas', NULL, 28, 149),
(154, 'Credenzas', NULL, 28, 150),
(155, 'Credenzas', NULL, 28, 151),
(156, 'Credenzas', NULL, 28, 152),
(157, 'Credenzas', NULL, 28, 153),
(158, 'Credenzas', NULL, 28, 154),
(159, 'Credenzas', NULL, 28, 155),
(160, 'Credenzas', NULL, 28, 156),
(161, 'Credenzas', NULL, 28, 157),
(162, 'Credenzas', NULL, 28, 158),
(163, 'Credenzas', NULL, 28, 159),
(164, 'Credenzas', NULL, 28, 160),
(165, 'Credenzas', NULL, 28, 161),
(166, 'Credenzas', NULL, 28, 162),
(167, 'Credenzas', NULL, 28, 163),
(168, 'Escritorio', NULL, 29, 164),
(169, 'Escritorio', NULL, 29, 165),
(170, 'Escritorio', NULL, 29, 166),
(171, 'Escritorio', NULL, 29, 167),
(172, 'Escritorio', NULL, 29, 168),
(173, 'Escritorio', NULL, 29, 169),
(174, 'Escritorio', NULL, 29, 170),
(176, 'Escritorio', NULL, 29, 172),
(177, 'Escritorio', NULL, 29, 173),
(178, 'Escritorio', NULL, 29, 174),
(179, 'Escritorio', NULL, 29, 175),
(183, 'Escritorio', NULL, 29, 179),
(184, 'Escritorio', NULL, 29, 180),
(185, 'Escritorio', NULL, 29, 181),
(187, 'Escritorio', NULL, 29, 183),
(188, 'Escritorio', NULL, 29, 184),
(189, 'Escritorio', NULL, 29, 185),
(190, 'Escritorio', NULL, 29, 186),
(191, 'Escritorio', NULL, 29, 187),
(192, 'Estación de Trabajo', NULL, 30, 188),
(193, 'Estación de Trabajo', NULL, 30, 189),
(194, 'Estación de Trabajo', NULL, 30, 190),
(195, 'Estación de Trabajo', NULL, 30, 191),
(196, 'Estación de Trabajo', NULL, 30, 192),
(197, 'Estación de Trabajo', NULL, 30, 193),
(198, 'Estación de Trabajo', NULL, 30, 194),
(199, 'Estación de Trabajo', NULL, 30, 195),
(200, 'Estación de Trabajo', NULL, 30, 196),
(201, 'Estantes', NULL, 31, 197),
(202, 'Estantes', NULL, 31, 198),
(203, 'Estantes', NULL, 31, 199),
(204, 'Estantes', NULL, 31, 200),
(205, 'Estantes', NULL, 31, 201),
(206, 'Estantes', NULL, 31, 202),
(207, 'Estantes', NULL, 31, 203),
(208, 'Estantes', NULL, 31, 204),
(209, 'Estantes', NULL, 31, 205),
(210, 'Estantes', NULL, 31, 206),
(211, 'Estantes', NULL, 31, 207),
(212, 'Estantes', NULL, 31, 208),
(213, 'Estantes', NULL, 31, 209),
(214, 'Estantes', NULL, 31, 210),
(215, 'Estantes', NULL, 31, 211),
(216, 'Estantes', NULL, 31, 212),
(217, 'Estantes', NULL, 31, 213),
(218, 'Estantes', NULL, 31, 214),
(219, 'Estantes', NULL, 31, 215),
(220, 'Estantes', NULL, 31, 216),
(221, 'Estantes', NULL, 31, 217),
(222, 'Estantes', NULL, 31, 218),
(223, 'Estantes', NULL, 31, 219),
(224, 'Estantes', NULL, 31, 220),
(225, 'Estantes', NULL, 31, 221),
(226, 'Estantes', NULL, 31, 222),
(227, 'Estantes', NULL, 31, 223),
(228, 'Estantes', NULL, 31, 224),
(229, 'Estantes', NULL, 31, 225),
(230, 'Estantes', NULL, 31, 226),
(231, 'Escritorio en L', NULL, 45, 254),
(232, 'Escritorio en L', NULL, 45, 255),
(233, 'Escritorio en L', NULL, 45, 256),
(234, 'Escritorio en L', NULL, 45, 257),
(235, 'Escritorio en L', NULL, 45, 258),
(236, 'Escritorio en L', NULL, 45, 259),
(237, 'Escritorio en L', NULL, 45, 260),
(238, 'Escritorio en L', NULL, 45, 261),
(239, 'Escritorio en L', NULL, 45, 262),
(240, 'Escritorio en L', NULL, 45, 263),
(241, 'Escritorio en L', NULL, 45, 264),
(242, 'Escritorio en L', NULL, 45, 265),
(243, 'Escritorio en L', NULL, 45, 266),
(244, 'Escritorio en L', NULL, 45, 267),
(245, 'Escritorio en L', NULL, 45, 268),
(246, 'Escritorio en L', NULL, 45, 269),
(247, 'Escritorio en L', NULL, 45, 270),
(248, 'Escritorio en L', NULL, 45, 271),
(249, 'Escritorio en L', NULL, 45, 272),
(250, 'Escritorio en L', NULL, 45, 273),
(251, 'Escritorio en L', NULL, 45, 274),
(252, 'Escritorio en L', NULL, 45, 275),
(253, 'Escritorio en L', NULL, 45, 276),
(254, 'Escritorio en L', NULL, 45, 277),
(255, 'Escritorio en L', NULL, 45, 278),
(256, 'Escritorio en L', NULL, 45, 279),
(257, 'Escritorio en L', NULL, 45, 280),
(258, 'Escritorio en L', NULL, 45, 281),
(259, 'Escritorio en L', NULL, 45, 282),
(260, 'Escritorio en L', NULL, 45, 283),
(261, 'Escritorio en L', NULL, 45, 284),
(262, 'Escritorio en L', NULL, 45, 285),
(263, 'Escritorio en L', NULL, 45, 286),
(264, 'Escritorio en L', NULL, 45, 287),
(265, 'Exhibidores', NULL, 32, 288),
(266, 'Exhibidores', NULL, 32, 289),
(267, 'Exhibidores', NULL, 32, 290),
(268, 'Exhibidores', NULL, 32, 291),
(269, 'Exhibidores', NULL, 32, 292),
(270, '', NULL, 3, 293),
(271, '', NULL, 3, 294),
(272, '', NULL, 3, 295),
(273, '', NULL, 3, 296),
(274, '', NULL, 3, 297),
(275, '', NULL, 3, 298),
(276, '', NULL, 3, 299),
(277, '', NULL, 3, 300),
(278, '', NULL, 3, 301),
(279, '', NULL, 3, 302),
(280, '', NULL, 3, 303),
(281, '', NULL, 3, 304),
(282, '', NULL, 3, 305),
(283, '', NULL, 3, 306),
(284, '', NULL, 3, 307),
(285, '', NULL, 3, 308),
(286, '', NULL, 3, 309),
(287, '', NULL, 3, 310),
(288, '', NULL, 3, 311),
(289, '', NULL, 3, 312),
(290, '', NULL, 3, 313),
(291, '', NULL, 3, 314),
(292, '', NULL, 3, 315),
(293, '', NULL, 3, 316),
(294, '', NULL, 3, 317),
(295, '', NULL, 3, 318),
(296, '', NULL, 3, 319),
(297, 'Pizarra', NULL, 12, 320),
(298, 'Pizarra', NULL, 12, 321),
(299, 'Accesorio', NULL, 12, 322),
(300, 'Carpeta', NULL, 13, 323),
(301, 'Carpeta', NULL, 13, 324),
(302, 'Carpeta', NULL, 13, 325),
(303, 'Carpeta', NULL, 13, 326),
(304, 'Carpeta', NULL, 13, 327),
(305, 'Carpeta', NULL, 13, 328),
(306, 'Carpeta', NULL, 13, 329),
(307, 'Carpeta', NULL, 13, 330),
(308, 'Carpeta', NULL, 13, 331),
(309, 'Carpeta', NULL, 14, 332),
(310, 'Carpeta', NULL, 14, 333),
(311, 'Carpeta', NULL, 14, 334),
(312, 'Carpeta', NULL, 14, 335),
(313, 'Carpeta', NULL, 14, 336),
(314, 'Carpeta', NULL, 14, 337),
(315, 'Carpeta', NULL, 14, 338),
(316, 'Módulo', NULL, 34, 339),
(317, 'Módulo', NULL, 34, 340),
(318, 'Módulo', NULL, 34, 341),
(319, 'Módulo', NULL, 34, 342),
(320, 'Módulo', NULL, 34, 343),
(321, 'Módulo', NULL, 34, 344),
(322, 'Módulo', NULL, 34, 345),
(323, 'Módulo', NULL, 34, 346),
(324, 'Módulo', NULL, 34, 347),
(325, 'Módulo', NULL, 34, 348),
(326, 'Módulo', NULL, 34, 349),
(327, 'Módulo', NULL, 34, 350),
(328, 'Módulo', NULL, 34, 351),
(329, 'Módulo', NULL, 34, 352),
(330, 'Módulo', NULL, 34, 353),
(331, 'Módulo', NULL, 34, 354),
(332, 'Módulo', NULL, 34, 355),
(333, 'Podio', NULL, 35, 356),
(334, 'Podio', NULL, 35, 357),
(335, 'Podio', NULL, 35, 358),
(336, 'Mesa para Impresora', NULL, 33, 359),
(337, 'Mesa para Impresora', NULL, 33, 360),
(338, 'Mesa para Impresora', NULL, 33, 361),
(339, 'Mesa para Impresora', NULL, 33, 362),
(340, 'Mesa para Impresora', NULL, 33, 363),
(341, 'Mesa para Impresora', NULL, 33, 364),
(342, 'Mesa Pequeña', NULL, 33, 365),
(343, 'Mesa Pequeña', NULL, 33, 366),
(344, 'Mesa Pequeña', NULL, 33, 367),
(345, 'Mesa Pequeña', NULL, 33, 368),
(346, 'Mesa Redonda', NULL, 33, 369),
(347, 'Mesa Redonda', NULL, 33, 370),
(348, 'Mesa Redonda', NULL, 33, 371),
(349, 'Mesa de Trabajo', NULL, 33, 372),
(350, 'Mesa de Trabajo', NULL, 33, 373),
(351, 'Mesa de Trabajo', NULL, 33, 374),
(352, 'Mesa de Trabajo', NULL, 33, 375),
(353, 'Mesa de Trabajo', NULL, 33, 376),
(354, 'Mesa de Trabajo', NULL, 33, 377),
(355, 'Mesa de Trabajo', NULL, 33, 378),
(356, 'Mesa de Reunión', NULL, 46, 379),
(357, 'Mesa de Reunión', NULL, 46, 380),
(358, 'Mesa de Reunión', NULL, 46, 381),
(359, 'Mesa de Reunión', NULL, 46, 382),
(360, 'Mesa de Reunión', NULL, 46, 383),
(361, 'Mesa de Reunión', NULL, 46, 384),
(362, 'Mesa de Reunión', NULL, 46, 385),
(363, 'Mesa de Reunión', NULL, 46, 386),
(364, 'Mesa de Reunión', NULL, 46, 387),
(365, 'Mesa de Reunión', NULL, 46, 388),
(366, 'Mesa de Reunión', NULL, 46, 389),
(367, 'Mesa de Reunión', NULL, 46, 390),
(368, 'Mesa de Reunión', NULL, 46, 391),
(369, 'Mesa de Reunión', NULL, 46, 392),
(370, 'Mesa de Reunión', NULL, 46, 393),
(371, 'Mesa de Reunión', NULL, 46, 394),
(372, 'Mesa de Reunión', NULL, 46, 395),
(373, 'Mesa de Reunión', NULL, 46, 396),
(374, 'Mesa de Reunión', NULL, 46, 397),
(375, 'Mesa de Reunión', NULL, 46, 398),
(376, 'Mesa de Reunión', NULL, 46, 399),
(377, 'Mesa de Reunión', NULL, 46, 400),
(378, 'Mesa de Reunión', NULL, 46, 401),
(379, 'Mesa de Reunión', NULL, 46, 402),
(380, 'Banca', NULL, 36, 403),
(381, 'Banca', NULL, 36, 404),
(382, 'Banca', NULL, 36, 405),
(383, 'Banca', NULL, 36, 406),
(384, 'Banca', NULL, 36, 407),
(385, 'Banca', NULL, 36, 408),
(386, 'Banca', NULL, 36, 409),
(387, 'Banca', NULL, 36, 410),
(388, 'Banca', NULL, 36, 411),
(389, 'Banca', NULL, 36, 412),
(390, 'Banca', NULL, 36, 413),
(391, 'Banca', NULL, 36, 414),
(392, 'Banca', NULL, 36, 415),
(396, 'Banquito', NULL, 37, 416),
(397, 'Banquito', NULL, 37, 417),
(398, 'Banquito', NULL, 37, 418),
(399, 'Carpeta', NULL, 13, 419),
(400, 'Carpeta', NULL, 13, 420),
(401, 'Carpeta', NULL, 13, 421),
(402, 'Carpeta', NULL, 13, 422),
(403, 'Carpeta', NULL, 13, 423),
(404, 'Carpeta', NULL, 13, 424),
(406, 'Sillón Fijo', NULL, 44, 426),
(407, 'Sillón Fijo', NULL, 44, 427),
(408, 'Sillón Giratorio', NULL, 47, 428),
(409, 'Sillón Giratorio', NULL, 47, 429),
(410, 'Sillón Giratorio', NULL, 47, 430),
(411, 'Sillón Giratorio', NULL, 47, 431),
(412, 'Sillón Giratorio', NULL, 47, 432),
(413, 'Sillón Giratorio', NULL, 47, 433),
(414, 'Sillón Giratorio', NULL, 47, 434),
(415, 'Sillón Giratorio', NULL, 47, 435),
(416, 'Sillón Giratorio', NULL, 47, 436),
(417, 'Sillón Giratorio', NULL, 47, 437),
(418, 'Sillón Giratorio', NULL, 47, 438),
(419, 'Sillón Giratorio', NULL, 47, 439),
(420, 'Sillón Giratorio', NULL, 47, 440),
(421, 'Sillón Giratorio', NULL, 47, 441),
(422, 'Sillón Giratorio', NULL, 47, 442),
(423, 'Sillón Giratorio', NULL, 47, 443),
(424, 'Sillón Giratorio', NULL, 47, 444),
(425, 'Sillón Giratorio', NULL, 47, 445),
(426, 'Sillón Giratorio', NULL, 47, 446),
(427, 'Sillón Giratorio', NULL, 47, 447),
(428, 'Sillón Giratorio', NULL, 47, 448),
(429, 'Sillón Giratorio', NULL, 47, 449),
(430, 'Sillón Giratorio', NULL, 47, 450),
(431, 'Sillón Giratorio', NULL, 47, 451),
(432, 'Sillón Giratorio', NULL, 47, 452),
(433, 'Sillón Giratorio', NULL, 47, 453),
(434, 'Sillón Giratorio', NULL, 47, 454),
(435, 'Sillón Giratorio', NULL, 47, 455),
(436, 'Sillón Giratorio', NULL, 47, 456),
(437, 'Sillón Giratorio', NULL, 47, 457),
(438, 'Sillón Giratorio', NULL, 47, 458),
(439, 'Sillón Giratorio', NULL, 47, 459),
(441, 'Otros Proyectos', NULL, 30, 461),
(442, 'Otros Proyectos', NULL, 45, 462),
(443, 'Otros Proyectos', NULL, 30, 463),
(444, 'Otros Proyectos', NULL, 30, 464),
(445, 'Silla Fija con Carcasa', NULL, 48, 465),
(446, 'Silla Fija con Carcasa', NULL, 48, 466),
(447, 'Silla Fija con Carcasa', NULL, 48, 467),
(448, 'Silla Fija con Carcasa', NULL, 48, 468),
(449, 'Silla Fija con Carcasa', NULL, 48, 469),
(450, 'Silla Fija con Carcasa', NULL, 48, 470),
(451, 'Silla Fija con Carcasa', NULL, 48, 471),
(452, 'Silla Fija con Carcasa', NULL, 48, 472),
(453, 'Silla Fija con Carcasa', NULL, 48, 473),
(454, 'Silla Fija con Carcasa', NULL, 48, 474),
(455, 'Silla Fija con Carcasa', NULL, 48, 475),
(456, 'Silla Fija con Carcasa', NULL, 48, 476),
(457, 'Silla Fija con Carcasa', NULL, 48, 477),
(458, 'Silla Fija con Carcasa', NULL, 48, 478),
(459, 'Silla Fija con Carcasa', NULL, 48, 479),
(460, 'Silla Fija con Carcasa', NULL, 48, 480),
(461, 'Silla Fija de Madera', NULL, 49, 481),
(462, 'Silla Fija de Madera', NULL, 49, 482),
(463, 'Silla Fija de Madera', NULL, 49, 483),
(464, 'Silla Fija de Melamina', NULL, 49, 484),
(465, 'Silla Fija de Madera', NULL, 49, 485),
(466, 'Silla Fija de Madera', NULL, 49, 486),
(467, 'Silla Fija Tapizada con Brazos', NULL, 50, 487),
(468, 'Silla Fija Tapizada con Brazos', NULL, 50, 488),
(469, 'Silla Fija Tapizada con Brazos', NULL, 50, 489),
(470, 'Silla Fija Tapizada con Brazos', NULL, 50, 490),
(471, 'Silla Fija Tapizada con Brazos', NULL, 50, 491),
(472, 'Silla Fija Tapizada con Brazos', NULL, 50, 492),
(473, 'Silla Fija Tapizada con Brazos', NULL, 50, 493),
(474, 'Silla Fija Tapizada con Brazos', NULL, 50, 494),
(475, 'Silla Fija Tapizada con Brazos', NULL, 50, 495),
(476, 'Silla Fija Tapizada con Brazos', NULL, 50, 496),
(477, 'Silla Fija Tapizada con Brazos', NULL, 50, 497),
(478, 'Silla Fija Tapizada con Brazos', NULL, 50, 498),
(479, 'Silla Fija Tapizada con Brazos', NULL, 50, 499),
(480, 'Silla Fija Tapizada con Brazos', NULL, 50, 500),
(481, 'Silla Fija Tapizada con Brazos', NULL, 50, 501),
(482, 'Silla Fija Tapizada con Brazos', NULL, 50, 502),
(483, 'Silla Fija Tapizada con Brazos', NULL, 50, 503),
(484, 'Silla Fija Tapizada con Brazos', NULL, 50, 504),
(485, 'Silla Fija Tapizada con Brazos', NULL, 50, 505),
(486, 'Silla Fija Tapizada con Brazos', NULL, 50, 506),
(487, 'Silla Fija Tapizada con Brazos', NULL, 50, 507),
(488, 'Silla Fija Tapizada con Brazos', NULL, 50, 508),
(489, 'Silla Fija Tapizada con Brazos', NULL, 50, 509),
(490, 'Silla Fija Tapizada con Brazos', NULL, 50, 510),
(491, 'Silla Fija Tapizada con Brazos', NULL, 50, 511),
(492, 'Silla Fija Tapizada sin Brazos', NULL, 51, 512),
(493, 'Silla Fija Tapizada sin Brazos', NULL, 51, 513),
(494, 'Silla Fija Tapizada sin Brazos', NULL, 51, 514),
(495, 'Silla Fija Tapizada sin Brazos', NULL, 51, 515),
(496, 'Silla Fija Tapizada sin Brazos', NULL, 51, 516),
(497, 'Silla Fija Tapizada sin Brazos', NULL, 51, 517),
(498, 'Silla Fija Tapizada sin Brazos', NULL, 51, 518),
(499, 'Silla Fija Tapizada sin Brazos', NULL, 51, 519),
(500, 'Silla Fija Tapizada sin Brazos', NULL, 51, 520),
(501, 'Silla Fija Tapizada sin Brazos', NULL, 51, 521),
(502, 'Silla Fija Tapizada sin Brazos', NULL, 51, 522),
(503, 'Silla Fija Tapizada sin Brazos', NULL, 51, 523),
(504, 'Silla Fija Tapizada sin Brazos', NULL, 51, 524),
(505, 'Silla Fija Tapizada sin Brazos', NULL, 51, 525),
(506, 'Silla Fija Tapizada sin Brazos', NULL, 51, 526),
(507, 'Silla Fija Tapizada sin Brazos', NULL, 51, 527),
(508, 'Silla Fija Tapizada sin Brazos', NULL, 51, 528),
(509, 'Silla Giratoria con Brazos', NULL, 52, 529),
(510, 'Silla Giratoria con Brazos', NULL, 52, 530),
(511, 'Silla Giratoria con Brazos', NULL, 52, 531),
(512, 'Silla Giratoria con Brazos', NULL, 52, 532),
(513, 'Silla Giratoria con Brazos', NULL, 52, 533),
(514, 'Silla Giratoria con Brazos', NULL, 52, 534),
(515, 'Silla Giratoria con Brazos', NULL, 52, 535),
(516, 'Silla Giratoria con Brazos', NULL, 52, 536),
(517, 'Silla Giratoria con Brazos', NULL, 52, 537),
(518, 'Silla Giratoria con Brazos', NULL, 52, 538),
(519, 'Silla Giratoria con Brazos', NULL, 52, 539),
(520, 'Silla Giratoria con Brazos', NULL, 52, 540),
(521, 'Silla Giratoria con Brazos', NULL, 52, 541),
(522, 'Silla Giratoria con Brazos', NULL, 52, 542),
(523, 'Silla Giratoria con Brazos', NULL, 52, 543),
(524, 'Silla Giratoria con Brazos', NULL, 52, 544),
(525, 'Silla Giratoria con Brazos', NULL, 52, 545),
(526, 'Silla Giratoria con Brazos', NULL, 52, 546),
(527, 'Silla Giratoria con Brazos', NULL, 52, 547),
(528, 'Silla Giratoria sin Brazos', NULL, 53, 548),
(529, 'Silla Giratoria sin Brazos', NULL, 53, 549),
(530, 'Silla Giratoria sin Brazos', NULL, 53, 550),
(531, 'Silla Giratoria sin Brazos', NULL, 53, 551),
(532, 'Silla Giratoria sin Brazos', NULL, 53, 552),
(533, 'Silla Giratoria sin Brazos', NULL, 53, 553),
(534, 'Silla Giratoria sin Brazos', NULL, 53, 554),
(535, 'Silla Giratoria sin Brazos', NULL, 53, 555),
(536, 'Silla Giratoria sin Brazos', NULL, 53, 556),
(537, 'Silla Giratoria sin Brazos', NULL, 53, 557),
(538, 'Silla Giratoria sin Brazos', NULL, 53, 558),
(539, 'Silla Giratoria sin Brazos', NULL, 53, 559),
(540, 'Silla Giratoria sin Brazos', NULL, 53, 560),
(541, 'Silla Giratoria sin Brazos', NULL, 53, 561),
(542, 'Silla Giratoria sin Brazos', NULL, 53, 562),
(543, 'Silla Giratoria sin Brazos', NULL, 53, 563);

-- --------------------------------------------------------

--
-- Estructura de tabla para la tabla `promocion`
--

CREATE TABLE IF NOT EXISTS `promocion` (
  `promocion_id` int(10) unsigned NOT NULL AUTO_INCREMENT,
  `promocion_titulo` varchar(45) NOT NULL,
  `promocion_descripcion` varchar(45) NOT NULL,
  `promocion_fecharegistro` varchar(45) NOT NULL,
  `promocion_vigente` tinyint(3) unsigned NOT NULL DEFAULT '1' COMMENT '0: Vencido, 1:Vigente',
  `imagen_id` int(10) unsigned NOT NULL,
  PRIMARY KEY (`promocion_id`),
  KEY `fk_promocion_imagen1_idx` (`imagen_id`)
) ENGINE=InnoDB DEFAULT CHARSET=utf8 AUTO_INCREMENT=1 ;

-- --------------------------------------------------------

--
-- Estructura de tabla para la tabla `subcategoria`
--

CREATE TABLE IF NOT EXISTS `subcategoria` (
  `subcategoria_id` int(10) unsigned NOT NULL AUTO_INCREMENT,
  `subcategoria_nombre` varchar(45) NOT NULL,
  `categoria_id` int(10) unsigned NOT NULL,
  `subcategoria_ruta` varchar(50) DEFAULT NULL,
  `subcategoria_padre` int(10) unsigned NOT NULL DEFAULT '0',
  PRIMARY KEY (`subcategoria_id`),
  KEY `fk_subcategoria_categoria1_idx` (`categoria_id`)
) ENGINE=InnoDB  DEFAULT CHARSET=utf8 AUTO_INCREMENT=59 ;

--
-- Volcado de datos para la tabla `subcategoria`
--

INSERT INTO `subcategoria` (`subcategoria_id`, `subcategoria_nombre`, `categoria_id`, `subcategoria_ruta`, `subcategoria_padre`) VALUES
(1, 'Madera', 1, 'madera', 0),
(2, 'Melamine', 1, 'melamine', 0),
(3, 'Metálica', 1, 'metalica', 0),
(6, 'Bar', 6, 'bar', 0),
(7, 'Comodas', 2, 'comodas', 0),
(8, 'Planchadores', 6, 'planchadores', 0),
(9, 'Repostero', 2, 'repostero', 0),
(10, 'Roperos', 2, 'roperos', 0),
(11, 'General', 3, 'general', 99),
(12, 'Accesorios', 4, 'accesorios', 0),
(13, 'Carpetas', 4, 'carpetas', 0),
(14, 'Inicial', 4, 'inicial', 0),
(17, 'Archivadores', 1, 'archivadores', 1),
(18, 'Armarios', 1, 'armarios', 1),
(19, 'Credenzas', 1, 'credenzas', 1),
(20, 'Escritorios', 1, 'escritorios', 1),
(21, 'Estantes', 1, 'estantes', 1),
(22, 'Modulos', 1, 'modulos', 1),
(23, 'Podios', 1, 'podios', 1),
(24, 'Archivadores', 1, 'archivadores', 2),
(25, 'Armarios', 1, 'armarios', 2),
(26, 'Cajoneras', 1, 'cajoneras', 2),
(27, 'Counters', 1, 'counters', 2),
(28, 'Credenzas', 1, 'credenzas', 2),
(29, 'Escritorios', 1, 'escritorios', 2),
(30, 'Estaciones de Trabajo', 1, 'estacion_trabajo', 2),
(31, 'Estantes', 1, 'estantes', 2),
(32, 'Exhibidores', 1, 'exhibidores', 2),
(33, 'Mesas', 1, 'mesas', 2),
(34, 'Módulos', 1, 'modulos', 2),
(35, 'Podios', 1, 'podios', 2),
(36, 'Bancas', 5, 'bancas', 0),
(37, 'Banquitos', 6, 'banquitos', 0),
(44, 'Sillones Fijos', 5, 'sillones_fijos', 54),
(45, 'Escritorios en L', 1, 'escritoriosl', 2),
(46, 'Mesas de Reunión', 1, 'mesas_reunion', 2),
(47, 'Sillones Giratorios', 5, 'sillones_giratorios', 55),
(48, 'Sillas Fijas con Carcasa', 5, 'sillas_fijas_carcasa', 54),
(49, 'Sillas Fijas de Madera/Melamina', 5, 'sillas_fijas_maderamelamine', 54),
(50, 'Sillas Fijas Tapizadas con Brazos', 5, 'sillas_fijas_tapiz_con_brazos', 54),
(51, 'Sillas Fijas Tapizadas sin Brazos', 5, 'sillas_fijas_tapiz_sin_brazos', 54),
(52, 'Sillas Giratorias con Brazos', 5, 'sillas_giratorias_con_brazos', 55),
(53, 'Sillas Giratorias sin Brazos', 5, 'sillas_giratorias_sin_brazos', 55),
(54, 'Fijas', 5, 'fijas', 0),
(55, 'Giratorias', 5, 'giratorias', 0),
(56, 'Camillas', 3, 'camillas', 0),
(57, 'Mesas', 3, 'mesas', 0),
(58, 'Vitrinas', 3, 'vitrinas', 0);

-- --------------------------------------------------------

--
-- Estructura de tabla para la tabla `usuario`
--

CREATE TABLE IF NOT EXISTS `usuario` (
  `usuario_id` int(10) unsigned NOT NULL AUTO_INCREMENT,
  `usuario_user` varchar(45) NOT NULL,
  `usuario_pass` varchar(45) NOT NULL,
  `usuario_email` varchar(45) NOT NULL,
  `usuario_nombres` varchar(45) NOT NULL,
  `usuario_apellidos` varchar(45) NOT NULL,
  `usuario_fecharegistro` datetime NOT NULL,
  `usuario_estado` tinyint(4) NOT NULL DEFAULT '1' COMMENT '0: Inactivo, 1: Activo',
  PRIMARY KEY (`usuario_id`)
) ENGINE=InnoDB  DEFAULT CHARSET=utf8 AUTO_INCREMENT=2 ;

--
-- Volcado de datos para la tabla `usuario`
--

INSERT INTO `usuario` (`usuario_id`, `usuario_user`, `usuario_pass`, `usuario_email`, `usuario_nombres`, `usuario_apellidos`, `usuario_fecharegistro`, `usuario_estado`) VALUES
(1, 'admin', 'dd5fef9c1c1da1394d6d34b248c51be2ad740840', 'lp@mail.com', 'Luis', 'Pintado', '2014-06-14 00:00:00', 1);

--
-- Restricciones para tablas volcadas
--

--
-- Filtros para la tabla `banner`
--
ALTER TABLE `banner`
  ADD CONSTRAINT `fk_banner_bannertipoimagen1` FOREIGN KEY (`bannertipoimagen_id`) REFERENCES `bannertipoimagen` (`bannertipoimagen_id`) ON DELETE NO ACTION ON UPDATE NO ACTION,
  ADD CONSTRAINT `fk_banner_imagen` FOREIGN KEY (`imagen_id`) REFERENCES `imagen` (`imagen_id`) ON DELETE NO ACTION ON UPDATE NO ACTION;

--
-- Filtros para la tabla `producto`
--
ALTER TABLE `producto`
  ADD CONSTRAINT `fk_producto_imagen1` FOREIGN KEY (`imagen_id`) REFERENCES `imagen` (`imagen_id`) ON DELETE NO ACTION ON UPDATE NO ACTION,
  ADD CONSTRAINT `fk_producto_subcategoria1` FOREIGN KEY (`subcategoria_id`) REFERENCES `subcategoria` (`subcategoria_id`) ON DELETE NO ACTION ON UPDATE NO ACTION;

--
-- Filtros para la tabla `promocion`
--
ALTER TABLE `promocion`
  ADD CONSTRAINT `fk_promocion_imagen1` FOREIGN KEY (`imagen_id`) REFERENCES `imagen` (`imagen_id`) ON DELETE NO ACTION ON UPDATE NO ACTION;

--
-- Filtros para la tabla `subcategoria`
--
ALTER TABLE `subcategoria`
  ADD CONSTRAINT `fk_subcategoria_categoria1` FOREIGN KEY (`categoria_id`) REFERENCES `categoria` (`categoria_id`) ON DELETE NO ACTION ON UPDATE NO ACTION;

/*!40101 SET CHARACTER_SET_CLIENT=@OLD_CHARACTER_SET_CLIENT */;
/*!40101 SET CHARACTER_SET_RESULTS=@OLD_CHARACTER_SET_RESULTS */;
/*!40101 SET COLLATION_CONNECTION=@OLD_COLLATION_CONNECTION */;
